id,name,email,password,is_active,role,created_at,update_at
1,"John Doe",john.doe@example.com,password123,0,user,"2024-06-27 15:31:42","2024-06-27 15:31:42"
2,"Jane Smith",jane.smith@example.com,password123,0,user,"2024-06-27 15:31:42","2024-06-27 15:31:42"
3,"Michael Johnson",michael.johnson@example.com,password123,0,user,"2024-06-27 15:31:42","2024-06-27 15:31:42"
4,"Emily Davis",emily.davis@example.com,password123,0,user,"2024-06-27 15:31:42","2024-06-27 15:31:42"
5,"Chris Brown",chris.brown@example.com,password123,0,user,"2024-06-27 15:31:42","2024-06-27 15:31:42"
6,"Amanda Martinez",amanda.martinez@example.com,password123,0,user,"2024-06-27 15:31:42","2024-06-27 15:31:42"
7,"Matthew Lee",matthew.lee@example.com,password123,0,user,"2024-06-27 15:31:42","2024-06-27 15:31:42"
8,"Jessica Wilson",jessica.wilson@example.com,password123,0,user,"2024-06-27 15:31:42","2024-06-27 15:31:42"
9,"Daniel Anderson",daniel.anderson@example.com,password123,0,user,"2024-06-27 15:31:42","2024-06-27 15:31:42"
10,"Ashley Thomas",ashley.thomas@example.com,password123,0,user,"2024-06-27 15:31:42","2024-06-27 15:31:42"
11,"David Jackson",david.jackson@example.com,password123,0,user,"2024-06-27 15:31:42","2024-06-27 15:31:42"
12,"Sarah White",sarah.white@example.com,password123,0,user,"2024-06-27 15:31:42","2024-06-27 15:31:42"
13,"James Harris",james.harris@example.com,password123,0,user,"2024-06-27 15:31:42","2024-06-27 15:31:42"
14,"Laura Clark",laura.clark@example.com,password123,0,user,"2024-06-27 15:31:42","2024-06-27 15:31:42"
15,"Robert Lewis",robert.lewis@example.com,password123,0,user,"2024-06-27 15:31:42","2024-06-27 15:31:42"
16,"Sophia Robinson",sophia.robinson@example.com,password123,0,user,"2024-06-27 15:31:42","2024-06-27 15:31:42"
17,"William Walker",william.walker@example.com,password123,0,user,"2024-06-27 15:31:42","2024-06-27 15:31:42"
18,"Olivia Perez",olivia.perez@example.com,password123,0,user,"2024-06-27 15:31:42","2024-06-27 15:31:42"
19,"Joseph Hall",joseph.hall@example.com,password123,0,user,"2024-06-27 15:31:42","2024-06-27 15:31:42"
20,"Mia Young",mia.young@example.com,password123,0,user,"2024-06-27 15:31:42","2024-06-27 15:31:42"
21,"Thomas Allen",thomas.allen@example.com,password123,0,user,"2024-06-27 15:31:42","2024-06-27 15:31:42"
22,"Emma King",emma.king@example.com,password123,0,user,"2024-06-27 15:31:42","2024-06-27 15:31:42"
23,"Charles Wright",charles.wright@example.com,password123,0,user,"2024-06-27 15:31:42","2024-06-27 15:31:42"
24,"Ava Scott",ava.scott@example.com,password123,0,user,"2024-06-27 15:31:42","2024-06-27 15:31:42"
25,"Christopher Green",christopher.green@example.com,password123,0,user,"2024-06-27 15:31:42","2024-06-27 15:31:42"
26,"Isabella Adams",isabella.adams@example.com,password123,0,user,"2024-06-27 15:31:42","2024-06-27 15:31:42"
27,"Joshua Baker",joshua.baker@example.com,password123,0,user,"2024-06-27 15:31:42","2024-06-27 15:31:42"
28,"Sofia Gonzalez",sofia.gonzalez@example.com,password123,0,user,"2024-06-27 15:31:42","2024-06-27 15:31:42"
29,"Andrew Nelson",andrew.nelson@example.com,password123,0,user,"2024-06-27 15:31:42","2024-06-27 15:31:42"
30,"Grace Carter",grace.carter@example.com,password123,0,user,"2024-06-27 15:31:42","2024-06-27 15:31:42"
31,"Ryan Mitchell",ryan.mitchell@example.com,password123,0,user,"2024-06-27 15:31:42","2024-06-27 15:31:42"
32,"Zoey Perez",zoey.perez@example.com,password123,0,user,"2024-06-27 15:31:42","2024-06-27 15:31:42"
33,"Brandon Roberts",brandon.roberts@example.com,password123,0,user,"2024-06-27 15:31:42","2024-06-27 15:31:42"
34,"Ella Turner",ella.turner@example.com,password123,0,user,"2024-06-27 15:31:42","2024-06-27 15:31:42"
35,"Justin Phillips",justin.phillips@example.com,password123,0,user,"2024-06-27 15:31:42","2024-06-27 15:31:42"
36,"Lily Campbell",lily.campbell@example.com,password123,0,user,"2024-06-27 15:31:42","2024-06-27 15:31:42"
37,"Ethan Parker",ethan.parker@example.com,password123,0,user,"2024-06-27 15:31:42","2024-06-27 15:31:42"
38,"Hannah Evans",hannah.evans@example.com,password123,0,user,"2024-06-27 15:31:42","2024-06-27 15:31:42"
39,"Alexander Edwards",alexander.edwards@example.com,password123,0,user,"2024-06-27 15:31:42","2024-06-27 15:31:42"
40,"Avery Collins",avery.collins@example.com,password123,0,user,"2024-06-27 15:31:42","2024-06-27 15:31:42"
41,"Lucas Stewart",lucas.stewart@example.com,password123,0,user,"2024-06-27 15:31:42","2024-06-27 15:31:42"
42,"Natalie Sanchez",natalie.sanchez@example.com,password123,0,user,"2024-06-27 15:31:42","2024-06-27 15:31:42"
43,"Mason Morris",mason.morris@example.com,password123,0,user,"2024-06-27 15:31:42","2024-06-27 15:31:42"
44,"Chloe Rogers",chloe.rogers@example.com,password123,0,user,"2024-06-27 15:31:42","2024-06-27 15:31:42"
45,"Henry Reed",henry.reed@example.com,password123,0,user,"2024-06-27 15:31:42","2024-06-27 15:31:42"
46,"Ellie Cook",ellie.cook@example.com,password123,0,user,"2024-06-27 15:31:42","2024-06-27 15:31:42"
47,"Logan Morgan",logan.morgan@example.com,password123,0,user,"2024-06-27 15:31:42","2024-06-27 15:31:42"
48,"Aria Bell",aria.bell@example.com,password123,0,user,"2024-06-27 15:31:42","2024-06-27 15:31:42"
49,"Jackson Murphy",jackson.murphy@example.com,password123,0,user,"2024-06-27 15:31:42","2024-06-27 15:31:42"
50,"allan Martins",allan@martins.com,password123,0,user,"2024-06-27 15:32:46","2024-06-27 15:32:46"
